OverallQual,BedroomAbvGr,YearRemodAdd,YrSold,Target
7,3,1999,2009,12.323855681186558
6,3,1953,2009,12.21778881975968
7,3,2002,2009,12.47759987017673
7,3,1997,2009,12.350075821340827
7,2,2005,2006,12.095904425531753
4,3,1995,2009,11.79810440720389
6,3,1988,2009,11.861881873914662
5,2,1978,2007,11.985360962742508
4,5,1989,2009,11.748438352272466
5,2,1993,2009,11.173766933439769
6,4,1975,2007,12.371094261326704
5,3,1965,2006,12.062410643557364
7,2,2006,2006,11.97398820616727
5,3,2007,2009,12.103916691389317
4,2,1950,2006,10.697661675740505
6,3,1964,2008,11.88151024359692
6,4,2007,2008,12.273731294003989
7,4,1968,2008,11.867259980575461
4,2,2004,2010,12.07458366496344
6,3,1960,2006,11.60329927461394
6,3,1993,2009,11.928100049503591
8,3,2008,2008,12.45932116575568
5,3,2000,2008,12.17098056760763
5,3,2007,2010,11.59910316121128
6,3,2005,2008,11.836343311092644
7,3,1984,2007,12.065212335070706
7,2,2006,2006,12.217615144544252
7,4,1991,2006,12.282980866322957
8,3,2001,2009,12.168833743944484
6,3,1986,2008,12.122691036591123
6,1,2005,2009,12.357436278110258
5,3,2001,2010,11.691442984952987
7,3,2005,2008,12.429216196844383
6,3,1995,2008,12.041970765647518
6,3,1950,2006,11.976659481202368
9,3,2004,2008,13.01318912001124
6,2,1977,2008,12.069083939354671
9,2,2000,2008,12.807499636962957
7,3,2004,2009,12.328213686754756
6,4,1950,2010,11.759785542901755
5,4,2005,2006,12.342333715387108
5,4,1950,2008,11.475948184426715
7,4,1950,2007,12.007621706806335
6,2,1980,2009,11.728036844587175
5,3,1969,2006,11.554966779016551
7,2,1970,2006,12.18738621866883
7,3,2003,2007,12.463304994090622
6,3,1997,2007,12.043469748073868
6,2,1980,2010,12.096657002808204
4,2,1967,2006,10.90935849136492
5,3,1967,2007,11.986228300986527
4,2,1973,2009,11.750539038753038
4,0,2001,2006,12.093777791517198
5,3,1994,2007,11.423308315841155
5,2,1985,2007,11.366543857785741
7,2,2007,2008,12.11050219042355
4,2,2003,2009,11.878733053499914
5,3,1959,2010,11.863582336583399
6,3,2004,2008,12.061046873479915
4,2,1958,2006,10.838525127762976
7,3,2005,2006,12.599151839765472
6,3,1964,2009,12.025749091398891
5,3,1960,2009,11.920963517563559
5,3,1964,2010,12.28307068286579
5,3,1950,2007,11.707123732510018
6,2,1979,2010,11.072432412882282
4,3,1970,2007,11.622474276974888
7,3,2004,2009,12.505256025362478
5,2,1962,2009,11.20967558359951
5,3,1972,2006,12.130866063862902
6,4,2000,2008,11.827392362472514
5,4,1951,2006,11.552988116084922
8,4,2007,2010,12.695153037446566
7,4,2003,2009,12.353219184156298
7,3,2004,2008,12.016122061571728
7,3,1999,2008,11.876920327510483
5,3,1972,2008,11.996420061282421
7,3,2000,2006,12.202804190047665
6,3,1985,2006,11.885681908418167
5,3,1965,2006,11.694413341015606
7,2,2003,2010,11.834431193365903
5,2,1975,2006,12.23217779590645
5,2,1953,2008,11.211101832296544
7,3,1973,2009,12.370601152073638
8,2,2006,2007,12.373253766464634
6,4,1950,2006,11.537373611692582
8,3,2005,2006,12.227968191523606
5,3,2000,2009,11.725714213366002
4,2,1950,2007,11.87411154057781
6,2,1950,2006,11.281893184977125
4,4,1950,2009,11.172560275301509
7,3,2004,2008,12.673743621389516
7,3,2007,2007,12.41476540628593
3,2,1950,2008,10.366470216628045
7,3,1994,2008,12.509874099861838
5,2,1979,2006,11.540840119458055
8,3,2007,2009,12.211060187041213
5,3,1977,2006,12.119854210710331
4,3,2007,2010,11.983004645061015
7,2,2000,2008,11.73763858266311
5,3,2004,2007,12.435901441542368
3,2,1950,2008,11.582402788517351
6,4,1962,2008,11.81351645828449
6,3,2003,2006,12.293759391490882
7,3,1998,2006,12.387323972545788
6,2,2004,2006,12.483736986333838
8,4,1995,2007,12.692149026182676
7,3,1998,2006,12.252596116183318
6,3,1958,2008,11.508889387848448
4,2,2000,2007,11.740782489686499
7,3,1993,2008,12.168722149567671
6,2,2009,2009,12.067752610033128
5,2,2005,2008,11.621452373718062
8,3,2004,2008,12.561661177535969
7,2,2007,2007,11.978805450629608
5,3,1950,2010,11.982929094215963
6,3,1977,2010,12.154779351142624
6,3,1976,2007,11.896826395162552
8,3,2006,2006,12.546109948315882
3,2,1950,2008,11.658145404196276
9,3,2009,2010,12.93282228836778
7,3,1999,2009,12.098287407222085
6,3,1993,2006,11.648365035864053
7,3,1998,2009,12.450243665176798
5,3,1962,2007,12.032417204238254
6,3,1996,2006,12.311235783979923
5,2,1982,2007,11.973626530156839
5,3,1975,2006,11.68628536531584
8,2,2006,2009,12.576276691872792
8,2,2001,2010,12.089293854581639
7,4,1999,2006,12.183235011027083
4,3,1950,2008,11.217188282221679
4,3,1961,2007,12.005254874164395
6,3,1989,2008,11.855836333507662
6,3,1995,2009,11.846326893581248
6,3,1997,2009,12.488500195942224
7,2,1970,2007,12.219058792834069
4,2,1966,2006,11.176846978412774
3,2,1950,2009,11.75697658470576
5,2,1950,2008,11.603679828238693
7,2,2005,2008,12.244984956089857
6,3,2007,2007,11.963567869487337
5,3,1955,2008,12.051989313858433
6,2,2002,2010,11.94881244454136
4,3,1993,2009,11.64725660080684
6,3,2000,2006,11.817171452170047
7,3,2005,2006,12.255989512081824
5,2,1950,2007,10.377064161245869
8,4,2005,2006,12.525329122180358
6,3,1974,2009,11.898187865760873
5,3,1967,2007,11.870599909242044
8,2,2000,2007,12.275388948711116
7,2,1990,2006,12.279286160102517
8,3,2008,2009,12.722121248189515
6,2,1978,2007,11.957611286231675
5,6,1969,2009,12.029060495666322
5,2,1997,2007,11.887142487903466
7,2,2002,2007,12.723208430764092
7,4,2000,2006,12.360191997147428
7,3,2003,2010,12.018543192984659
5,2,1950,2008,11.678439903447801
8,2,2000,2007,11.838264152296945
5,3,1972,2007,11.230001781957093
7,3,2005,2010,12.093488008017985
5,3,1967,2010,11.978448422800781
6,3,1963,2009,11.726228012201853
7,4,1950,2010,12.542931794602893
6,3,2004,2009,11.973509872299472
6,3,1976,2006,12.32691829322878
6,3,1978,2009,12.112270014482025
8,2,2000,2009,12.406280095793571
5,2,2002,2007,10.95174264256609
4,3,1970,2009,11.732060994886899
6,3,1977,2010,11.75245616448355
7,3,2002,2010,12.383380419264236
5,2,1950,2006,11.732808516691666
8,3,2004,2006,11.879032896197694
6,3,1950,2009,12.077724069962885
6,3,1959,2006,11.755057629052386
7,3,1991,2009,12.634675654234918
5,3,1965,2008,11.646238507900804
8,3,2006,2006,12.553069517846879
6,1,2003,2009,12.07527454164202
7,3,1998,2009,11.999516299404286
6,2,1977,2009,11.981744201952523
2,1,1950,2006,6.007080807085217
6,3,1974,2009,11.772214728662416
8,3,1999,2009,12.826977062853198
6,3,1950,2009,11.84829770533517
7,4,1990,2006,12.612740250901346
7,2,2006,2010,12.045664176494581
6,2,1950,2007,11.328989417025959
6,2,1959,2006,11.350189825178479
6,3,1994,2007,11.915350622842226
6,2,2005,2006,11.608235644774552
8,2,1996,2006,12.356387042489661
6,3,1967,2009,12.191520199183566
6,3,1981,2006,11.72926016936726
2,1,1950,2009,11.444059121136897
5,4,2002,2010,11.600058635486215
7,2,2004,2006,12.503931949362457
6,4,1978,2007,11.780090209454686
5,3,1956,2010,11.76756768334381
7,3,1992,2007,12.203763632921287
7,3,2000,2007,11.81060543615051
4,3,1995,2007,11.724805824005728
8,3,2007,2009,12.41329248933592
7,3,2007,2009,12.154964931563468
7,3,1992,2010,11.955105021262542
5,3,1959,2006,12.069803096200266
5,3,1959,2006,11.500423832162301
6,2,1998,2006,12.148745989975797
6,1,2004,2008,11.881034786534624
5,3,1957,2008,11.630708500626612
7,2,2007,2009,12.257874610301435
7,4,2005,2007,12.2783933071098
9,3,2006,2007,12.936783518475496
7,3,1976,2007,12.195517131590657
6,1,2004,2008,12.080760316880289
6,3,1998,2009,12.285746933470726
5,4,1950,2006,11.855225803776436
5,3,1987,2009,11.513653489022964
6,3,1950,2008,11.943121190570695
6,2,1977,2010,11.755871643580617
7,2,2007,2008,12.184240040030847
7,3,1950,2010,11.573043667981416
5,3,1967,2006,11.5222270332188
6,4,1976,2008,11.864584506672886
5,3,2006,2008,11.630688249892598
5,4,1999,2008,11.430491440334194
8,4,2006,2007,12.416701069805423
6,2,1972,2006,11.456355113481834
4,2,1951,2006,11.84087901005047
7,3,2007,2008,12.395229978266547
6,2,1976,2009,12.087552541248252
7,3,1998,2007,12.154516158615772
4,3,1950,2010,9.971541510545372
6,1,1969,2006,11.879018693667236
7,3,2002,2008,12.143411355754196
4,1,1950,2009,10.75690030634266
8,3,2007,2007,12.674993333215019
6,3,1957,2008,11.786155001977981
5,3,1974,2006,12.227651208999589
5,3,1960,2007,11.429742425643989
7,2,2007,2009,12.178187442040638
4,3,1960,2008,12.081154259675873
7,3,2001,2009,12.421688835219749
6,3,1950,2006,11.79810440720389
5,2,1950,2008,11.322619248481141
9,2,2008,2009,12.54605011187198
